"journal","year","pubmed"
"Ann Intern Med",2002,"12458989"
"Ann Intern Med",2002,"12416945"
"Ann Intern Med",2002,"12204020"
"Ann Intern Med",2002,"12186518"
"Ann Intern Med",2002,"12044127"
"Ann Intern Med",2002,"12020146"
"Ann Intern Med",2002,"11992304"
"Ann Intern Med",2002,"11992299"
"Ann Intern Med",2002,"11926806"
"Ann Intern Med",2002,"11926784"
"Ann Intern Med",2002,"11900515"
"Ann Intern Med",2002,"11900496"
"Ann Intern Med",2002,"11790072"
"Ann Intern Med",2002,"11790067"
"Ann Intern Med",2002,"11777363"
"Ann Intern Med",2002,"11777360"
"Ann Intern Med",2003,"14678916"
"Ann Intern Med",2003,"14644897"
"Ann Intern Med",2003,"14644891"
"Ann Intern Med",2003,"14644890"
"Ann Intern Med",2003,"14568856"
"Ann Intern Med",2003,"14530225"
"Ann Intern Med",2003,"12965979"
"Ann Intern Med",2003,"12809453"
"Ann Intern Med",2003,"12779297"
"Ann Intern Med",2003,"12755551"
"Ann Intern Med",2003,"12755549"
"Ann Intern Med",2003,"12729426"
"Ann Intern Med",2003,"12667032"
"Ann Intern Med",2003,"12639076"
"Ann Intern Med",2004,"15583229"
"Ann Intern Med",2004,"15537682"
"Ann Intern Med",2004,"15520426"
"Ann Intern Med",2004,"15492341"
"Ann Intern Med",2004,"15466771"
"Ann Intern Med",2004,"15381515"
"Ann Intern Med",2004,"15353430"
"Ann Intern Med",2004,"15262670"
"Ann Intern Med",2004,"15238370"
"Ann Intern Med",2004,"15148067"
"Ann Intern Med",2004,"15096337"
"Ann Intern Med",2004,"15096331"
"Ann Intern Med",2004,"15096330"
"Ann Intern Med",2004,"15068979"
"Ann Intern Med",2004,"14757615"
"Ann Intern Med",2004,"14734335"
"Ann Intern Med",2005,"16365468"
"Ann Intern Med",2005,"16263889"
"Ann Intern Med",2005,"16172441"
"Ann Intern Med",2005,"16172440"
"Ann Intern Med",2005,"16144891"
"Ann Intern Med",2005,"16103468"
"Ann Intern Med",2005,"16061918"
"Ann Intern Med",2005,"16027455"
"Ann Intern Med",2005,"15998751"
"Ann Intern Med",2005,"15968013"
"Ann Intern Med",2005,"15897534"
"Ann Intern Med",2005,"15867409"
"Ann Intern Med",2005,"15838072"
"Ann Intern Med",2005,"15838071"
"Ann Intern Med",2005,"15809466"
"Ann Intern Med",2005,"15809465"
"Ann Intern Med",2005,"15809463"
"Ann Intern Med",2005,"15767623"
"Ann Intern Med",2005,"15738455"
"Ann Intern Med",2005,"15684209"
"Ann Intern Med",2006,"17088580"
"Ann Intern Med",2006,"16940336"
"Ann Intern Med",2006,"16908916"
"Ann Intern Med",2006,"16880460"
"Ann Intern Med",2006,"16847294"
"Ann Intern Med",2006,"16818928"
"Ann Intern Med",2006,"16754925"
"Ann Intern Med",2006,"16754916"
"Ann Intern Med",2006,"16670137"
"Ann Intern Med",2006,"16389253"
"Ann Intern Med",2007,"18087056"
"Ann Intern Med",2007,"18087055"
"Ann Intern Med",2007,"18087050"
"Ann Intern Med",2007,"17984484"
"Ann Intern Med",2007,"17984482"
"Ann Intern Med",2007,"17938394"
"Ann Intern Med",2007,"17938385"
"Ann Intern Med",2007,"17909211"
"Ann Intern Med",2007,"17909210"
"Ann Intern Med",2007,"17876022"
"Ann Intern Med",2007,"17606960"
"Ann Intern Med",2007,"17606956"
"Ann Intern Med",2007,"17577006"
"Ann Intern Med",2007,"17577005"
"Ann Intern Med",2007,"17548411"
"Ann Intern Med",2007,"17438317"
"Ann Intern Med",2007,"17404352"
"Ann Intern Med",2007,"17339619"
"Ann Intern Med",2007,"17310052"
"Ann Intern Med",2007,"17283351"
"Ann Intern Med",2007,"17227935"
"Ann Intern Med",2007,"17227934"
"Ann Intern Med",2008,"19075207"
"Ann Intern Med",2008,"19017592"
"Ann Intern Med",2008,"18936504"
"Ann Intern Med",2008,"18838726"
"Ann Intern Med",2008,"18838718"
"Ann Intern Med",2008,"18626051"
"Ann Intern Med",2008,"18626050"
"Ann Intern Med",2008,"18593687"
"Ann Intern Med",2008,"18523132"
"Ann Intern Med",2008,"18490668"
"Ann Intern Med",2008,"18490667"
"Ann Intern Med",2008,"18458282"
"Ann Intern Med",2008,"18458280"
"Ann Intern Med",2008,"18413621"
"Ann Intern Med",2008,"18316756"
"Ann Intern Med",2008,"18283206"
"Ann Intern Med",2008,"18252684"
"Ann Intern Med",2008,"18252682"
"Ann Intern Med",2009,"19884626"
"Ann Intern Med",2009,"19884624"
"Ann Intern Med",2009,"19841457"
"Ann Intern Med",2009,"19841454"
"Ann Intern Med",2009,"19805771"
"Ann Intern Med",2009,"19755365"
"Ann Intern Med",2009,"19620164"
"Ann Intern Med",2009,"19620144"
"Ann Intern Med",2009,"19581633"
"Ann Intern Med",2009,"19487713"
"Ann Intern Med",2009,"19380837"
"Ann Intern Med",2010,"21173414"
"Ann Intern Med",2010,"21135296"
"Ann Intern Med",2010,"21041579"
"Ann Intern Med",2010,"20956709"
"Ann Intern Med",2010,"20820041"
"Ann Intern Med",2010,"20439577"
"Ann Intern Med",2010,"20439566"
"Ann Intern Med",2010,"20231569"
"Ann Intern Med",2010,"20231568"
"Ann Intern Med",2010,"20194238"
"Ann Intern Med",2010,"20194237"
"Ann Intern Med",2010,"20157139"
"Ann Intern Med",2010,"20124233"
"Ann Intern Med",2010,"20048269"
"Ann Intern Med",2011,"22184690"
"Ann Intern Med",2011,"22147715"
"Ann Intern Med",2011,"22041949"
"Ann Intern Med",2011,"21969343"
"Ann Intern Med",2011,"21576535"
"Ann Intern Med",2011,"21464349"
"Ann Intern Med",2011,"21403076"
"Ann Intern Med",2011,"21320922"
"Ann Intern Med",2012,"23362517"
"Ann Intern Med",2012,"23362516"
"Ann Intern Med",2012,"23247939"
"Ann Intern Med",2012,"23070489"
"Ann Intern Med",2012,"23007881"
"Ann Intern Med",2012,"22910937"
"Ann Intern Med",2012,"22910936"
"Ann Intern Med",2012,"22893011"
"Ann Intern Med",2012,"22868835"
"Ann Intern Med",2012,"22777524"
"Ann Intern Med",2012,"22751758"
"Ann Intern Med",2012,"22547473"
"Ann Intern Med",2012,"22431677"
"Ann Intern Med",2012,"22412038"
"Ann Intern Med",2012,"22371850"
"Ann Intern Med",2012,"22371849"
"Ann Intern Med",2012,"22351714"
"Ann Intern Med",2013,"24297192"
"Ann Intern Med",2013,"24126648"
"Ann Intern Med",2013,"24081287"
"Ann Intern Med",2013,"24042368"
"Ann Intern Med",2013,"24026259"
"Ann Intern Med",2013,"23922064"
"Ann Intern Med",2013,"23778906"
"Ann Intern Med",2013,"23778905"
"Ann Intern Med",2013,"23712381"
"Ann Intern Med",2013,"23648949"
"Ann Intern Med",2013,"23460057"
"Ann Intern Med",2013,"23460056"
"Ann Intern Med",2013,"23420234"
"Ann Intern Med",2013,"23277899"
"Ann Intern Med",2014,"25402514"
"Ann Intern Med",2014,"25364886"
"Ann Intern Med",2014,"25364885"
"Ann Intern Med",2014,"25111745"
"Ann Intern Med",2014,"25111499"
"Ann Intern Med",2014,"25089863"
"Ann Intern Med",2014,"25047428"
"Ann Intern Med",2014,"25023250"
"Ann Intern Med",2014,"25004169"
"Ann Intern Med",2014,"24887617"
"Ann Intern Med",2014,"24862840"
"Ann Intern Med",2014,"24842416"
"Ann Intern Med",2014,"24733196"
"Ann Intern Med",2014,"24723079"
"Ann Intern Med",2014,"24658694"
"Ann Intern Med",2014,"24592496"
"Ann Intern Med",2014,"24592495"
"Ann Intern Med",2015,"26642233"
"Ann Intern Med",2015,"26595058"
"Ann Intern Med",2015,"26571241"
"Ann Intern Med",2015,"26551857"
"Ann Intern Med",2015,"26501851"
"Ann Intern Med",2015,"26414227"
"Ann Intern Med",2015,"26414020"
"Ann Intern Med",2015,"26390230"
"Ann Intern Med",2015,"26302454"
"Ann Intern Med",2015,"26258555"
"Ann Intern Med",2015,"26215539"
"Ann Intern Med",2015,"26148280"
"Ann Intern Med",2015,"26075755"
"Ann Intern Med",2015,"26054060"
"Ann Intern Med",2015,"26005909"
"Ann Intern Med",2015,"25984845"
"Ann Intern Med",2015,"25915661"
"Ann Intern Med",2015,"25894025"
"Ann Intern Med",2015,"25599350"
"Ann Intern Med",2015,"25560713"
"Ann Intern Med",2015,"25531552"
"Ann Intern Med",2016,"27842420"
"Ann Intern Med",2016,"27776363"
"Ann Intern Med",2016,"27428849"
"Ann Intern Med",2016,"27367316"
"Ann Intern Med",2016,"27322622"
"Ann Intern Med",2016,"27272666"
"Ann Intern Med",2016,"27182696"
"Ann Intern Med",2016,"27088241"
"Ann Intern Med",2016,"27042809"
"Ann Intern Med",2016,"26881842"
"Ann Intern Med",2016,"26830221"
"Ann Intern Med",2016,"26830055"
"Ann Intern Med",2016,"26756588"
"Ann Intern Med",2017,"29277852"
"Ann Intern Med",2017,"29049539"
"Ann Intern Med",2017,"28869986"
"Ann Intern Med",2017,"28828493"
"Ann Intern Med",2017,"28828492"
"Ann Intern Med",2017,"28785760"
"Ann Intern Med",2017,"28761946"
"Ann Intern Med",2017,"28632280"
"Ann Intern Med",2017,"28437793"
"Ann Intern Med",2017,"28418520"
"Ann Intern Med",2017,"28395318"
"Ann Intern Med",2017,"28114673"
"Ann Intern Med",2018,"30583296"
"Ann Intern Med",2018,"30534999"
"Ann Intern Med",2018,"30304368"
"Ann Intern Med",2018,"30242379"
"Ann Intern Med",2018,"29987326"
"Ann Intern Med",2018,"29971337"
"Ann Intern Med",2018,"29404582"
"Ann Intern Med",2018,"29379948"
"Ann Intern Med",2018,"29310136"
"Ann Intern Med",2018,"29310133"
"Ann Intern Med",2019,"31739316"
"Ann Intern Med",2019,"31610547"
"Ann Intern Med",2019,"31590181"
"Ann Intern Med",2019,"31569217"
"Ann Intern Med",2019,"31569214"
"Ann Intern Med",2019,"31569213"
"Ann Intern Med",2019,"31499529"
"Ann Intern Med",2019,"31382273"
"Ann Intern Med",2019,"31307056"
"Ann Intern Med",2019,"31284304"
"Ann Intern Med",2019,"31234202"
"Ann Intern Med",2019,"31181575"
"Ann Intern Med",2019,"30884526"
"Ann Intern Med",2019,"30802902"
"Ann Intern Med",2019,"30597484"
"Ann Intern Med",2020,"32956601"
"Ann Intern Med",2020,"32909814"
"Ann Intern Med",2020,"32805130"
"Ann Intern Med",2020,"32805127"
"Ann Intern Med",2020,"32658569"
"Ann Intern Med",2020,"32598218"
"Ann Intern Med",2020,"32479176"
"Ann Intern Med",2020,"32340037"
"Ann Intern Med",2020,"32176890"
"Ann Intern Med",2020,"32092762"
"Ann Intern Med",2020,"31905375"
"Ann Intern Med",2021,"34904857"
"Ann Intern Med",2021,"34807719"
"Ann Intern Med",2021,"34516270"
"Ann Intern Med",2021,"33560863"
"Ann Intern Med",2021,"33428446"
"Ann Intern Med",2022,"35377720"
"Ann Intern Med",2022,"35226522"
"Ann Intern Med",2022,"35073157"
"BMJ",2002,"12446535"
"BMJ",2002,"12424165"
"BMJ",2002,"12411354"
"BMJ",2002,"12399344"
"BMJ",2002,"12399340"
"BMJ",2002,"12364316"
"BMJ",2002,"12217990"
"BMJ",2002,"12142305"
"BMJ",2002,"12089089"
"BMJ",2002,"12065267"
"BMJ",2002,"12052801"
"BMJ",2002,"11934773"
"BMJ",2002,"11923157"
"BMJ",2002,"11909787"
"BMJ",2002,"11799034"
"BMJ",2002,"11786451"
"BMJ",2003,"14684657"
"BMJ",2003,"14656836"
"BMJ",2003,"14630752"
"BMJ",2003,"14576246"
"BMJ",2003,"14576245"
"BMJ",2003,"14500434"
"BMJ",2003,"12958114"
"BMJ",2003,"12946966"
"BMJ",2003,"12919984"
"BMJ",2003,"12881260"
"BMJ",2003,"12869452"
"BMJ",2003,"12829555"
"BMJ",2003,"12829554"
"BMJ",2003,"12829553"
"BMJ",2003,"12805167"
"BMJ",2003,"12791741"
"BMJ",2003,"12791735"
"BMJ",2003,"12775617"
"BMJ",2003,"12763980"
"BMJ",2003,"12742924"
"BMJ",2003,"12689974"
"BMJ",2003,"12595378"
"BMJ",2003,"12543832"
"BMJ",2004,"15596418"
"BMJ",2004,"15561731"
"BMJ",2004,"15550401"
"BMJ",2004,"15475342"
"BMJ",2004,"15310558"
"BMJ",2004,"15289273"
"BMJ",2004,"15286056"
"BMJ",2004,"15194600"
"BMJ",2004,"15175229"
"BMJ",2004,"15169744"
"BMJ",2004,"15039276"
"BMJ",2004,"15033881"
"BMJ",2004,"15033880"
"BMJ",2004,"14996699"
"BMJ",2004,"14742351"
"BMJ",2004,"14729656"
"BMJ",2005,"16371403"
"BMJ",2005,"16330475"
"BMJ",2005,"16299015"
"BMJ",2005,"16284208"
"BMJ",2005,"16216822"
"BMJ",2005,"16183653"
"BMJ",2005,"16157605"
"BMJ",2005,"16093253"
"BMJ",2005,"16081444"
"BMJ",2005,"16052017"
"BMJ",2005,"16002881"
"BMJ",2005,"15996966"
"BMJ",2005,"15994688"
"BMJ",2005,"15994659"
"BMJ",2005,"15976422"
"BMJ",2005,"15933353"
"BMJ",2005,"15901643"
"BMJ",2005,"15805125"
"BMJ",2005,"15731121"
"BMJ",2005,"15718537"
"BMJ",2005,"15684024"
"BMJ",2005,"15684023"
"BMJ",2005,"15649903"
"BMJ",2005,"15640250"
"BMJ",2006,"17158580"
"BMJ",2006,"17088313"
"BMJ",2006,"17020911"
"BMJ",2006,"16980314"
"BMJ",2006,"16882683"
"BMJ",2006,"16861256"
"BMJ",2006,"16861253"
"BMJ",2006,"16803942"
"BMJ",2006,"16790458"
"BMJ",2006,"16740558"
"BMJ",2006,"16740557"
"BMJ",2006,"16679330"
"BMJ",2006,"16603564"
"BMJ",2006,"16585050"
"BMJ",2006,"16513687"
"BMJ",2006,"16484239"
"BMJ",2006,"16473858"
"BMJ",2006,"16443611"
"BMJ",2006,"16415336"
"BMJ",2007,"18089892"
"BMJ",2007,"18037615"
"BMJ",2007,"18006966"
"BMJ",2007,"17975258"
"BMJ",2007,"17974654"
"BMJ",2007,"17932160"
"BMJ",2007,"17923720"
"BMJ",2007,"17916811"
"BMJ",2007,"17901469"
"BMJ",2007,"17884861"
"BMJ",2007,"17855284"
"BMJ",2007,"17761999"
"BMJ",2007,"17631513"
"BMJ",2007,"17631512"
"BMJ",2007,"17449506"
"BMJ",2007,"17434954"
"BMJ",2007,"17426062"
"BMJ",2007,"17387118"
"BMJ",2007,"17383982"
"BMJ",2007,"17353208"
"BMJ",2007,"17337458"
"BMJ",2007,"17311851"
"BMJ",2007,"17309884"
"BMJ",2007,"17277014"
"BMJ",2007,"17237299"
"BMJ",2008,"19008265"
"BMJ",2008,"18977792"
"BMJ",2008,"18936064"
"BMJ",2008,"18845591"
"BMJ",2008,"18801868"
"BMJ",2008,"18786971"
"BMJ",2008,"18757996"
"BMJ",2008,"18632672"
"BMJ",2008,"18595932"
"BMJ",2008,"18541610"
"BMJ",2008,"18495631"
"BMJ",2008,"18480117"
"BMJ",2008,"18480116"
"BMJ",2008,"18434379"
"BMJ",2008,"18390914"
"BMJ",2008,"18321957"
"BMJ",2008,"18299289"
"BMJ",2008,"18258932"
"BMJ",2008,"18202034"
"BMJ",2009,"20028779"
"BMJ",2009,"19995812"
"BMJ",2009,"19934192"
"BMJ",2009,"19910400"
"BMJ",2009,"19903981"
"BMJ",2009,"19897665"
"BMJ",2009,"19892791"
"BMJ",2009,"19861375"
"BMJ",2009,"19797342"
"BMJ",2009,"19736282"
"BMJ",2009,"19736281"
"BMJ",2009,"19690343"
"BMJ",2009,"19687093"
"BMJ",2009,"19684102"
"BMJ",2009,"19671933"
"BMJ",2009,"19666987"
"BMJ",2009,"19666685"
"BMJ",2009,"19661138"
"BMJ",2009,"19654184"
"BMJ",2009,"19589821"
"BMJ",2009,"19589816"
"BMJ",2009,"19567909"
"BMJ",2009,"19493939"
"BMJ",2009,"19460803"
"BMJ",2009,"19454737"
"BMJ",2009,"19376798"
"BMJ",2009,"19342408"
"BMJ",2009,"19276131"
"BMJ",2009,"19251751"
"BMJ",2009,"19221140"
"BMJ",2009,"19174438"
"BMJ",2009,"19174434"
"BMJ",2009,"19164393"
"BMJ",2010,"21190966"
"BMJ",2010,"21177530"
"BMJ",2010,"21051774"
"BMJ",2010,"20961988"
"BMJ",2010,"20940209"
"BMJ",2010,"20884696"
"BMJ",2010,"20847017"
"BMJ",2010,"20843937"
"BMJ",2010,"20829298"
"BMJ",2010,"20732968"
"BMJ",2010,"20724400"
"BMJ",2010,"20713583"
"BMJ",2010,"20671013"
"BMJ",2010,"20660506"
"BMJ",2010,"20647282"
"BMJ",2010,"20639294"
"BMJ",2010,"20634346"
"BMJ",2010,"20543010"
"BMJ",2010,"20483951"
"BMJ",2010,"20483949"
"BMJ",2010,"20466793"
"BMJ",2010,"20466789"
"BMJ",2010,"20410163"
"BMJ",2010,"20406866"
"BMJ",2010,"20360221"
"BMJ",2010,"20360215"
"BMJ",2010,"20332307"
"BMJ",2010,"20234041"
"BMJ",2010,"20197322"
"BMJ",2010,"20156911"
"BMJ",2010,"20154049"
"BMJ",2010,"20144981"
"BMJ",2010,"20093278"
"BMJ",2010,"20085991"
"BMJ",2010,"20068257"
"BMJ",2011,"22134967"
"BMJ",2011,"22127443"
"BMJ",2011,"22115901"
"BMJ",2011,"22074852"
"BMJ",2011,"22058134"
"BMJ",2011,"22034146"
"BMJ",2011,"21875885"
"BMJ",2011,"21868478"
"BMJ",2011,"21816733"
"BMJ",2011,"21791495"
"BMJ",2011,"21750078"
"BMJ",2011,"21737469"
"BMJ",2011,"21672999"
"BMJ",2011,"21610040"
"BMJ",2011,"21571914"
"BMJ",2011,"21558126"
"BMJ",2011,"21521730"
"BMJ",2011,"21521728"
"BMJ",2011,"21505219"
"BMJ",2011,"21502263"
"BMJ",2011,"21471175"
"BMJ",2011,"21427046"
"BMJ",2011,"21415101"
"BMJ",2011,"21411487"
"BMJ",2011,"21406529"
"BMJ",2011,"21398351"
"BMJ",2011,"21385802"
"BMJ",2011,"21349898"
"BMJ",2011,"21345903"
"BMJ",2011,"21343207"
"BMJ",2011,"21343206"
"BMJ",2011,"21325005"
"BMJ",2011,"21292721"
"BMJ",2011,"21266418"
"BMJ",2011,"21233157"
"BMJ",2011,"21224324"
"BMJ",2012,"23321486"
"BMJ",2012,"23248080"
"BMJ",2012,"23220130"
"BMJ",2012,"23150473"
"BMJ",2012,"23112118"
"BMJ",2012,"23097549"
"BMJ",2012,"23081689"
"BMJ",2012,"23048010"
"BMJ",2012,"23045257"
"BMJ",2012,"23044984"
"BMJ",2012,"23038795"
"BMJ",2012,"23033409"
"BMJ",2012,"23015032"
"BMJ",2012,"22968722"
"BMJ",2012,"22930703"
"BMJ",2012,"22885395"
"BMJ",2012,"22872710"
"BMJ",2012,"22867913"
"BMJ",2012,"22849956"
"BMJ",2012,"22835925"
"BMJ",2012,"22833605"
"BMJ",2012,"22833604"
"BMJ",2012,"22786934"
"BMJ",2012,"22782848"
"BMJ",2012,"22777026"
"BMJ",2012,"22736467"
"BMJ",2012,"22700784"
"BMJ",2012,"22695899"
"BMJ",2012,"22692650"
"BMJ",2012,"22677795"
"BMJ",2012,"22611164"
"BMJ",2012,"22596383"
"BMJ",2012,"22563098"
"BMJ",2012,"22529302"
"BMJ",2012,"22517929"
"BMJ",2012,"22491789"
"BMJ",2012,"22451477"
"BMJ",2012,"22422870"
"BMJ",2012,"22411919"
"BMJ",2012,"22371867"
"BMJ",2012,"22371859"
"BMJ",2012,"22354599"
"BMJ",2012,"22334559"
"BMJ",2012,"22331277"
"BMJ",2012,"22323502"
"BMJ",2012,"22306479"
"BMJ",2012,"22294757"
"BMJ",2012,"22277543"
"BMJ",2012,"22236411"
"BMJ",2012,"22232539"
"BMJ",2013,"24473061"
"BMJ",2013,"24473060"
"BMJ",2013,"24355537"
"BMJ",2013,"24304677"
"BMJ",2013,"24212107"
"BMJ",2013,"24196498"
"BMJ",2013,"24191270"
"BMJ",2013,"24169944"
"BMJ",2013,"24157497"
"BMJ",2013,"24149519"
"BMJ",2013,"24136633"
"BMJ",2013,"24092942"
"BMJ",2013,"24092941"
"BMJ",2013,"24055922"
"BMJ",2013,"24048298"
"BMJ",2013,"24046285"
"BMJ",2013,"24030561"
"BMJ",2013,"23996149"
"BMJ",2013,"23990623"
"BMJ",2013,"23974637"
"BMJ",2013,"23950195"
"BMJ",2013,"23935058"
"BMJ",2013,"23929894"
"BMJ",2013,"23926315"
"BMJ",2013,"23900314"
"BMJ",2013,"23851720"
"BMJ",2013,"23814120"
"BMJ",2013,"23814104"
"BMJ",2013,"23794316"
"BMJ",2013,"23775799"
"BMJ",2013,"23766464"
"BMJ",2013,"23757735"
"BMJ",2013,"23645857"
"BMJ",2013,"23637132"
"BMJ",2013,"23616031"
"BMJ",2013,"23558282"
"BMJ",2013,"23558164"
"BMJ",2013,"23558163"
"BMJ",2013,"23558162"
"BMJ",2013,"23533188"
"BMJ",2013,"23532866"
"BMJ",2013,"23529983"
"BMJ",2013,"23511950"
"BMJ",2013,"23444423"
"BMJ",2013,"23418281"
"BMJ",2013,"23412440"
"BMJ",2013,"23403829"
"BMJ",2013,"23393080"
"BMJ",2013,"23386268"
"BMJ",2013,"23360719"
"BMJ",2013,"23360717"
"BMJ",2013,"23358488"
"BMJ",2013,"23335473"
"BMJ",2013,"23335472"
"BMJ",2013,"23325883"
"BMJ",2013,"23303886"
"BMJ",2013,"23299842"
"BMJ",2013,"23295181"
"BMJ",2014,"25422259"
"BMJ",2014,"25389143"
"BMJ",2014,"25378023"
"BMJ",2014,"25352501"
"BMJ",2014,"25281681"
"BMJ",2014,"25274009"
"BMJ",2014,"25232064"
"BMJ",2014,"25134100"
"BMJ",2014,"25099709"
"BMJ",2014,"25097193"
"BMJ",2014,"25073782"
"BMJ",2014,"25038074"
"BMJ",2014,"25011450"
"BMJ",2014,"25006006"
"BMJ",2014,"24958153"
"BMJ",2014,"24938302"
"BMJ",2014,"24922745"
"BMJ",2014,"24919052"
"BMJ",2014,"24850821"
"BMJ",2014,"24846275"
"BMJ",2014,"24821132"
"BMJ",2014,"24811411"
"BMJ",2014,"24778175"
"BMJ",2014,"24736555"
"BMJ",2014,"24735917"
"BMJ",2014,"24735883"
"BMJ",2014,"24690623"
"BMJ",2014,"24687313"
"BMJ",2014,"24647162"
"BMJ",2014,"24615063"
"BMJ",2014,"24524926"
"BMJ",2014,"24452368"
"BMJ",2014,"24452269"
"BMJ",2014,"24429387"
"BMJ",2014,"25954988"
"BMJ",2015,"26645251"
"BMJ",2015,"26608737"
"BMJ",2015,"26537292"
"BMJ",2015,"26420598"
"BMJ",2015,"26420387"
"BMJ",2015,"26419648"
"BMJ",2015,"26321114"
"BMJ",2015,"26290044"
"BMJ",2015,"26268692"
"BMJ",2015,"26220070"
"BMJ",2015,"26199070"
"BMJ",2015,"26142020"
"BMJ",2015,"26115663"
"BMJ",2015,"26109551"
"BMJ",2015,"26101226"
"BMJ",2015,"26080045"
"BMJ",2015,"26041151"
"BMJ",2015,"26016488"
"BMJ",2015,"25896935"
"BMJ",2015,"25883067"
"BMJ",2015,"25881903"
"BMJ",2015,"25828856"
"BMJ",2015,"25810496"
"BMJ",2015,"25805204"
"BMJ",2015,"25770113"
"BMJ",2015,"25767129"
"BMJ",2015,"25740799"
"BMJ",2015,"25694111"
"BMJ",2015,"25656228"
"BMJ",2015,"25655431"
"BMJ",2015,"25646632"
"BMJ",2015,"25609400"
"BMJ",2015,"25587065"
"BMJ",2015,"25556126"
"BMJ",2015,"25555827"
"BMJ",2015,"25555821"
"BMJ",2016,"27919915"
"BMJ",2016,"27908918"
"BMJ",2016,"27895031"
"BMJ",2016,"27884869"
"BMJ",2016,"27881363"
"BMJ",2016,"27821641"
"BMJ",2016,"27811064"
"BMJ",2016,"27789483"
"BMJ",2016,"27756717"
"BMJ",2016,"27754843"
"BMJ",2016,"27737834"
"BMJ",2016,"27733360"
"BMJ",2016,"27650503"
"BMJ",2016,"27624087"
"BMJ",2016,"27599725"
"BMJ",2016,"27599496"
"BMJ",2016,"27511067"
"BMJ",2016,"27510511"
"BMJ",2016,"27469988"
"BMJ",2016,"27301975"
"BMJ",2016,"27142267"
"BMJ",2016,"27102806"
"BMJ",2016,"27098105"
"BMJ",2016,"27094586"
"BMJ",2016,"27091337"
"BMJ",2016,"27071971"
"BMJ",2016,"27026510"
"BMJ",2016,"26980184"
"BMJ",2016,"26979548"
"BMJ",2016,"26956579"
"BMJ",2016,"26936410"
"BMJ",2016,"26920333"
"BMJ",2016,"26888822"
"BMJ",2016,"26868137"
"BMJ",2016,"26823518"
"BMJ",2016,"26819231"
"BMJ",2016,"26786546"
"BMJ",2017,"29229609"
"BMJ",2017,"29187358"
"BMJ",2017,"29183961"
"BMJ",2017,"29167102"
"BMJ",2017,"29138133"
"BMJ",2017,"29133286"
"BMJ",2017,"29097396"
"BMJ",2017,"29074629"
"BMJ",2017,"29074563"
"BMJ",2017,"29046286"
"BMJ",2017,"28947636"
"BMJ",2017,"28931508"
"BMJ",2017,"28903922"
"BMJ",2017,"28724518"
"BMJ",2017,"28676557"
"BMJ",2017,"28596247"
"BMJ",2017,"28487435"
"BMJ",2017,"28446428"
"BMJ",2017,"28302601"
"BMJ",2017,"28202713"
"BMJ",2017,"28122812"
"BMJ",2017,"28104622"
"BMJ",2017,"28087510"
"BMJ",2017,"28052845"
"BMJ",2018,"30563866"
"BMJ",2018,"30518635"
"BMJ",2018,"30487232"
"BMJ",2018,"30467245"
"BMJ",2018,"30463844"
"BMJ",2018,"30409774"
"BMJ",2018,"30401700"
"BMJ",2018,"30361202"
"BMJ",2018,"30305269"
"BMJ",2018,"30297439"
"BMJ",2018,"30201790"
"BMJ",2018,"30185521"
"BMJ",2018,"30158200"
"BMJ",2018,"30158148"
"BMJ",2018,"29785952"
"BMJ",2018,"29743278"
"BMJ",2018,"29669716"
"BMJ",2018,"29540345"
"BMJ",2018,"29487049"
"BMJ",2018,"29467161"
"BMJ",2018,"29367388"
"BMJ",2019,"31852680"
"BMJ",2019,"31826881"
"BMJ",2019,"31801749"
"BMJ",2019,"31727627"
"BMJ",2019,"31722884"
"BMJ",2019,"31601578"
"BMJ",2019,"31591158"
"BMJ",2019,"31585960"
"BMJ",2019,"31434697"
"BMJ",2019,"31434641"
"BMJ",2019,"31405892"
"BMJ",2019,"31371314"
"BMJ",2019,"31345923"
"BMJ",2019,"31340984"
"BMJ",2019,"31340932"
"BMJ",2019,"31340931"
"BMJ",2019,"31315828"
"BMJ",2019,"31285198"
"BMJ",2019,"31270064"
"BMJ",2019,"31253632"
"BMJ",2019,"31189617"
"BMJ",2019,"30995986"
"BMJ",2019,"30975661"
"BMJ",2019,"30967483"
"BMJ",2019,"30967375"
"BMJ",2019,"30917990"
"BMJ",2019,"30867144"
"BMJ",2019,"30792179"
"BMJ",2019,"30700403"
"BMJ",2019,"30630856"
"BMJ",2019,"30617123"
"BMJ",2019,"30602577"
"BMJ",2020,"33239318"
"BMJ",2020,"33177069"
"BMJ",2020,"33148618"
"BMJ",2020,"33148535"
"BMJ",2020,"32967840"
"BMJ",2020,"32943437"
"BMJ",2020,"32907799"
"BMJ",2020,"32873575"
"BMJ",2020,"32816816"
"BMJ",2020,"32699048"
"BMJ",2020,"32669343"
"BMJ",2020,"32669282"
"BMJ",2020,"32636183"
"BMJ",2020,"32611558"
"BMJ",2020,"32467098"
"BMJ",2020,"32404325"
"BMJ",2020,"32381490"
"BMJ",2020,"32371466"
"BMJ",2020,"32238384"
"BMJ",2020,"32188637"
"BMJ",2020,"32161042"
"BMJ",2020,"32156698"
"BMJ",2020,"32132002"
"BMJ",2020,"32094151"
"BMJ",2020,"32051121"
"BMJ",2020,"32024657"
"BMJ",2020,"31969320"
"BMJ",2020,"31964641"
"BMJ",2020,"31907166"
"BMJ",2021,"34933868"
"BMJ",2021,"34789505"
"BMJ",2021,"34772657"
"BMJ",2021,"34645650"
"BMJ",2021,"34610915"
"BMJ",2021,"34556486"
"BMJ",2021,"34526355"
"BMJ",2021,"34497047"
"BMJ",2021,"34407988"
"BMJ",2021,"34404631"
"BMJ",2021,"34348965"
"BMJ",2021,"34261627"
"BMJ",2021,"34233900"
"BMJ",2021,"34233885"
"BMJ",2021,"34135011"
"BMJ",2021,"33972268"
"BMJ",2021,"33910882"
"BMJ",2021,"33903131"
"BMJ",2021,"33762262"
"BMJ",2021,"33758001"
"BMJ",2021,"33658187"
"BMJ",2021,"33632704"
"BMJ",2021,"33568342"
"BMJ",2021,"33472813"
"BMJ",2021,"33441402"
"BMJ",2021,"33441384"
"BMJ",2022,"35613728"
"BMJ",2022,"35508321"
"BMJ",2022,"35508320"
"BMJ",2022,"35379650"
"BMJ",2022,"35354560"
"BMJ",2022,"35331984"
"BMJ",2022,"35296519"
"BMJ",2022,"35264372"
"BMJ",2022,"35236664"
"BMJ",2022,"35232772"
"BMJ",2022,"35217545"
"BMJ",2022,"35197242"
"BMJ",2022,"35140066"
"BMJ",2022,"35082116"
"BMJ",2022,"35045991"
"BMJ",2022,"35042741"
"Lancet",2002,"12493255"
"Lancet",2002,"12443615"
"Lancet",2002,"12383982"
"Lancet",2002,"12241834"
"Lancet",2002,"11937180"
"Lancet",2002,"11830196"
"Lancet",2002,"11812552"
"Lancet",2002,"11809181"
"Lancet",2003,"14697804"
"Lancet",2003,"14630440"
"Lancet",2003,"14615107"
"Lancet",2003,"12944058"
"Lancet",2003,"12814711"
"Lancet",2003,"12801735"
"Lancet",2003,"12747876"
"Lancet",2003,"12648968"
"Lancet",2003,"12642045"
"Lancet",2003,"12598142"
"Lancet",2003,"12598138"
"Lancet",2003,"12531577"
"Lancet",2004,"15582059"
"Lancet",2004,"15530629"
"Lancet",2004,"15474135"
"Lancet",2004,"15464182"
"Lancet",2004,"15451219"
"Lancet",2004,"15313358"
"Lancet",2004,"15145632"
"Lancet",2004,"15145631"
"Lancet",2004,"15110491"
"Lancet",2004,"15110490"
"Lancet",2004,"15043958"
"Lancet",2004,"15016487"
"Lancet",2004,"15001326"
"Lancet",2004,"14723987"
"Lancet",2005,"16338452"
"Lancet",2005,"16310553"
"Lancet",2005,"16257341"
"Lancet",2005,"16214597"
"Lancet",2005,"16198765"
"Lancet",2005,"16139657"
"Lancet",2005,"16125589"
"Lancet",2005,"16112301"
"Lancet",2005,"15894097"
"Lancet",2005,"15866310"
"Lancet",2005,"15823380"
"Lancet",2005,"15705460"
"Lancet",2005,"15664226"
"Lancet",2005,"15652605"
"Lancet",2006,"17071284"
"Lancet",2006,"17055944"
"Lancet",2006,"17011944"
"Lancet",2006,"16950362"
"Lancet",2006,"16876665"
"Lancet",2006,"16679163"
"Lancet",2006,"16616560"
"Lancet",2006,"16616558"
"Lancet",2006,"16503463"
"Lancet",2006,"16488801"
"Lancet",2006,"16473126"
"Lancet",2006,"16458764"
"Lancet",2006,"16443039"
"Lancet",2006,"16443037"
"Lancet",2007,"18061058"
"Lancet",2007,"18022033"
"Lancet",2007,"17905165"
"Lancet",2007,"17869634"
"Lancet",2007,"17720017"
"Lancet",2007,"17617273"
"Lancet",2007,"17544768"
"Lancet",2007,"17512856"
"Lancet",2007,"17512048"
"Lancet",2007,"17292766"
"Lancet",2007,"17276778"
"Lancet",2007,"17240286"
"Lancet",2007,"17223474"
"Lancet",2008,"19070891"
"Lancet",2008,"19058842"
"Lancet",2008,"19012955"
"Lancet",2008,"18468542"
"Lancet",2008,"18342685"
"Lancet",2008,"18313501"
"Lancet",2008,"18294997"
"Lancet",2008,"18280327"
"Lancet",2008,"18262040"
"Lancet",2008,"18191683"
"Lancet",2008,"18177773"
"Lancet",2009,"20031199"
"Lancet",2009,"19954833"
"Lancet",2009,"19942276"
"Lancet",2009,"19913903"
"Lancet",2009,"19765816"
"Lancet",2009,"19748399"
"Lancet",2009,"19748398"
"Lancet",2009,"19716963"
"Lancet",2009,"19716598"
"Lancet",2009,"19640579"
"Lancet",2009,"19523680"
"Lancet",2009,"19482214"
"Lancet",2009,"19465232"
"Lancet",2009,"19465231"
"Lancet",2009,"19410717"
"Lancet",2009,"19303634"
"Lancet",2009,"19286090"
"Lancet",2009,"19249092"
"Lancet",2009,"19200918"
"Lancet",2009,"19185342"
"Lancet",2010,"21146207"
"Lancet",2010,"21144578"
"Lancet",2010,"21067804"
"Lancet",2010,"20951422"
"Lancet",2010,"20832852"
"Lancet",2010,"20691469"
"Lancet",2010,"20650520"
"Lancet",2010,"20638118"
"Lancet",2010,"20609967"
"Lancet",2010,"20552718"
"Lancet",2010,"20541252"
"Lancet",2010,"20483451"
"Lancet",2010,"20472172"
"Lancet",2010,"20462635"
"Lancet",2010,"20435228"
"Lancet",2010,"20434763"
"Lancet",2010,"20399493"
"Lancet",2010,"20338627"
"Lancet",2010,"20226989"
"Lancet",2010,"20167359"
"Lancet",2010,"20132979"
"Lancet",2011,"22152853"
"Lancet",2011,"22137798"
"Lancet",2011,"22078723"
"Lancet",2011,"22019144"
"Lancet",2011,"22008423"
"Lancet",2011,"21851976"
"Lancet",2011,"21839503"
"Lancet",2011,"21803414"
"Lancet",2011,"21802721"
"Lancet",2011,"21737136"
"Lancet",2011,"21496916"
"Lancet",2011,"21397319"
"Lancet",2011,"21353301"
"Lancet",2011,"21292315"
"Lancet",2012,"23117178"
"Lancet",2012,"23013602"
"Lancet",2012,"23013600"
"Lancet",2012,"22998717"
"Lancet",2012,"22981903"
"Lancet",2012,"22850358"
"Lancet",2012,"22819656"
"Lancet",2012,"22795511"
"Lancet",2012,"22683130"
"Lancet",2012,"22682464"
"Lancet",2012,"22607825"
"Lancet",2012,"22607822"
"Lancet",2012,"22560607"
"Lancet",2012,"22554860"
"Lancet",2012,"22541275"
"Lancet",2012,"22445239"
"Lancet",2012,"22440947"
"Lancet",2012,"22440946"
"Lancet",2012,"22421340"
"Lancet",2012,"22421339"
"Lancet",2012,"22377290"
"Lancet",2012,"22357109"
"Lancet",2012,"22293369"
"Lancet",2012,"22265699"
"Lancet",2012,"22226047"
"Lancet",2013,"24332274"
"Lancet",2013,"24315724"
"Lancet",2013,"24269108"
"Lancet",2013,"24119980"
"Lancet",2013,"24075279"
"Lancet",2013,"24011551"
"Lancet",2013,"24007976"
"Lancet",2013,"23915883"
"Lancet",2013,"23870817"
"Lancet",2013,"23849322"
"Lancet",2013,"23810019"
"Lancet",2013,"23790353"
"Lancet",2013,"23746902"
"Lancet",2013,"23746775"
"Lancet",2013,"23726390"
"Lancet",2013,"23697825"
"Lancet",2013,"23683640"
"Lancet",2013,"23639488"
"Lancet",2013,"23498095"
"Lancet",2013,"23369797"
"Lancet",2013,"23352552"
"Lancet",2014,"25468168"
"Lancet",2014,"25467565"
"Lancet",2014,"25262344"
"Lancet",2014,"25220191"
"Lancet",2014,"25193873"
"Lancet",2014,"25131979"
"Lancet",2014,"25131978"
"Lancet",2014,"25106063"
"Lancet",2014,"25059938"
"Lancet",2014,"24680633"
"Lancet",2014,"24656685"
"Lancet",2014,"24613026"
"Lancet",2014,"24576776"
"Lancet",2014,"24529867"
"Lancet",2014,"24529560"
"Lancet",2015,"26724178"
"Lancet",2015,"26597771"
"Lancet",2015,"26559744"
"Lancet",2015,"26411986"
"Lancet",2015,"26334160"
"Lancet",2015,"26318519"
"Lancet",2015,"26298822"
"Lancet",2015,"26277246"
"Lancet",2015,"26211827"
"Lancet",2015,"26211824"
"Lancet",2015,"26009228"
"Lancet",2015,"25975452"
"Lancet",2015,"25777667"
"Lancet",2015,"25777661"
"Lancet",2015,"25748612"
"Lancet",2015,"25684585"
"Lancet",2015,"25640810"
"Lancet",2015,"25579834"
"Lancet",2016,"27979381"
"Lancet",2016,"27720497"
"Lancet",2016,"27692469"
"Lancet",2016,"27423262"
"Lancet",2016,"27289172"
"Lancet",2016,"27216139"
"Lancet",2016,"27209146"
"Lancet",2016,"27115820"
"Lancet",2016,"27061677"
"Lancet",2016,"26997557"
"Lancet",2016,"26898852"
"Lancet",2016,"26880122"
"Lancet",2016,"26869575"
"Lancet",2016,"26825231"
"Lancet",2016,"26777270"
"Lancet",2017,"29223694"
"Lancet",2017,"29137869"
"Lancet",2017,"29126600"
"Lancet",2017,"28831992"
"Lancet",2017,"28778541"
"Lancet",2017,"28732815"
"Lancet",2017,"28455148"
"Lancet",2017,"28390695"
"Lancet",2017,"28290994"
"Lancet",2017,"28159391"
"Lancet",2018,"30528484"
"Lancet",2018,"30528471"
"Lancet",2018,"30424892"
"Lancet",2018,"30293769"
"Lancet",2018,"30215381"
"Lancet",2018,"30146330"
"Lancet",2018,"29726345"
"Lancet",2018,"29478841"
"Lancet",2018,"29477251"
"Lancet",2019,"31668726"
"Lancet",2019,"31474332"
"Lancet",2019,"31327566"
"Lancet",2019,"31327564"
"Lancet",2019,"31303314"
"Lancet",2019,"31255301"
"Lancet",2019,"31200992"
"Lancet",2019,"31128925"
"Lancet",2019,"31056295"
"Lancet",2019,"31030987"
"Lancet",2019,"31006573"
"Lancet",2019,"30929893"
"Lancet",2019,"30782340"
"Lancet",2019,"30773280"
"Lancet",2019,"30739743"
"Lancet",2019,"30712900"
"Lancet",2019,"30712879"
"Lancet",2019,"30638909"
"Lancet",2020,"33186535"
"Lancet",2020,"33176180"
"Lancet",2020,"33002431"
"Lancet",2020,"32877652"
"Lancet",2020,"32828187"
"Lancet",2020,"32771107"
"Lancet",2020,"32497510"
"Lancet",2020,"32446407"
"Lancet",2020,"32386592"
"Lancet",2020,"32334654"
"Lancet",2020,"32199484"
"Lancet",2021,"34953525"
"Lancet",2021,"34793745"
"Lancet",2021,"34774198"
"Lancet",2021,"34774144"
"Lancet",2021,"34474011"
"Lancet",2021,"34119000"
"Lancet",2021,"33965067"
"Lancet",2021,"33933205"
"Lancet",2021,"33865495"
"Lancet",2021,"33773630"
"Lancet",2021,"33714390"
"Lancet",2021,"33617777"
"Lancet",2022,"35512728"
"Lancet",2022,"35397861"
"Lancet",2022,"35279232"
"Lancet",2022,"35219395"
"Lancet",2022,"35202601"
